<?xml version="1.0" encoding="UTF-8"?>
<grid cellSelectionEnabled="true" evenRowRGBColor="255,255,255" freezeColumn="-1" freezeRow="-1" gridLineEnabled="true"
	movableColumnsEnabled="true" multiSelectionEnabled="true" oddRowRGBColor="230,230,230" rowSelectionEnabled="false"
	sortEnabled="true" xmlns="http://sourceforge.net/projects/nattable/typeconfig/style/1.0"
	xmlns:xsi="http://www.w3.org/2001/XMLSchema-instance"
	xsi:schemaLocation="http://sourceforge.net/projects/nattable/typeconfig/style/1.0 ../../../../../../net.sourceforge.nattable.extensions/src/net/sourceforge/nattable/typeconfig/style/StyleSyntaxDefinition.xsd ">
	<!-- https://nattable.svn.sourceforge.net/svnroot/nattable/trunk/net.sourceforge.nattable.extensions/src/net/sourceforge/nattable/typeconfig/style/StyleSyntaxDefinition.xsd -->
	<styles>
		<style mode="NORMAL">
			<font name="courier" size="10" style="NORMAL" />
			<background color="255,255,255" />
			<foreground color="0,0,0" />
		</style>
		<style mode="SELECT">
			<background color="0,158,0" />
			<foreground color="255,255,255" />
		</style>
	</styles>
	<types>
		<type name="bold">
			<styles>
				<style mode="NORMAL">
					<font name="courier" size="10" style="BOLD" />
				</style>
			</styles>
		</type>
		<type name="alias" parent="bold">
			<styles>
				<style mode="NORMAL">
					<background color="160,227,255" />
				</style>
				<style mode="SELECT">
					<background color="140,207,235" />
				</style>
			</styles>
		</type>
		<type name="error" parent="bold">
			<styles>
				<style mode="NORMAL">
					<background color="255,231,123" />
				</style>
				<style mode="SELECT">
					<background color="235,211,103" />
				</style>
			</styles>
		</type>
		<type name="bid/ask">
			<styles>
				<style mode="NORMAL">
					<background color="255,218,185" />
					<foreground color="0,0,255" />
					<image url="iconup.gif" />
				</style>
				<style mode="SELECT">
					<background color="207,255,255" />
				</style>
			</styles>
		</type>
		<type name="type1" parent="base">
			<styles>
				<style mode="NORMAL">
					<background color="130,230,150" />
					<foreground color="0,0,0" />
				</style>
			</styles>
		</type>
		<type name="type2" parent="base">
			<styles>
				<style mode="NORMAL">
					<font name="arial" size="10" style="ITALIC" />
					<background color="130,150,230" />
					<foreground color="130,100,110" />
				</style>
				<style mode="SELECT">
					<font name="times" size="10" style="BOLD"/>
					<background color="255,255,255" />
					<foreground color="20,20,20"/>
				</style>
			</styles>
		</type>
		<type name="blink_base">
			<styles>
				<style mode="NORMAL">
					<font name="courier" size="10" style="BOLD"/>
					<foreground color="255,255,255" />
				</style>
			</styles>
		</type>
		<type name="blink_up" parent="blink_base">
			<styles>
				<style mode="NORMAL">
					<background color="0,0,255" />
				</style>
				<style mode="SELECT">
					<background color="0,0,235" />
				</style>
			</styles>
		</type>
		<type name="blink_down" parent="blink_base">
			<styles>
				<style mode="NORMAL">
					<background color="255,0,0" />
				</style>
				<style mode="SELECT">
					<background color="235,0,0" />
				</style>
			</styles>
		</type>
	</types>
</grid>