<?xml version="1.0" encoding="UTF-8"?>
<feature
      id="org.eclipse.cvs"
      label="%featureName"
      version="1.1.101.R35x_v20100125-7E79FGD9kKF67BPDZ7PKCE1911"
      provider-name="%providerName">

   <description>
      %description
   </description>
   
   <copyright>
      %copyright
   </copyright>   

   <license url="%licenseURL">
      %license
   </license>

   <url>
      <update label="%updateSiteName" url="http://download.eclipse.org/eclipse/updates/3.5"/>
      <discovery label="%updateSiteName" url="http://download.eclipse.org/eclipse/updates/3.5"/>
      <discovery label="%secondaryUpdateSiteName" url="http://download.eclipse.org/releases/galileo"/>
   </url>

   <requires>
      <import feature="org.eclipse.platform" version="3.3.0" match="compatible"/>
   </requires>

   <plugin
         id="org.eclipse.cvs"
         download-size="0"
         install-size="0"
         version="1.0.400.v201002111343"
         unpack="false"/>

   <plugin
         id="org.eclipse.team.cvs.core"
         download-size="0"
         install-size="0"
         version="3.3.200.I20090430-0408"
         unpack="false"/>

   <plugin
         id="org.eclipse.team.cvs.ssh"
         download-size="0"
         install-size="0"
         version="3.2.100.I20090508-2000"
         unpack="false"/>

   <plugin
         id="org.eclipse.team.cvs.ssh2"
         download-size="0"
         install-size="0"
         version="3.2.200.I20090508-2000"
         unpack="false"/>

   <plugin
         id="org.eclipse.team.cvs.ui"
         download-size="0"
         install-size="0"
         version="3.3.202.r35x_20090930-0800"
         unpack="false"/>

</feature>
