<?xml version='1.0' encoding='UTF-8'?>
<?artifactRepository version='1.1.0'?>
<repository name='download cache' type='org.eclipse.equinox.p2.artifact.repository.simpleRepository' version='1.0.0'>
  <properties size='2'>
    <property name='p2.system' value='true'/>
    <property name='p2.timestamp' value='1265996090818'/>
  </properties>
  <mappings size='3'>
    <rule filter='(&amp; (classifier=osgi.bundle))' output='${repoUrl}/plugins/${id}_${version}.jar'/>
    <rule filter='(&amp; (classifier=binary))' output='${repoUrl}/binary/${id}_${version}'/>
    <rule filter='(&amp; (classifier=org.eclipse.update.feature))' output='${repoUrl}/features/${id}_${version}.jar'/>
  </mappings>
  <artifacts size='5'>
    <artifact classifier='binary' id='org.eclipse.cvs_root' version='1.1.101.R35x_v20100125-7E79FGD9kKF67BPDZ7PKCE1911'>
      <properties size='2'>
        <property name='download.size' value='8076'/>
        <property name='artifact.size' value='8076'/>
      </properties>
    </artifact>
    <artifact classifier='binary' id='org.eclipse.rcp_root' version='3.5.2.R35x_v20100119-9SA0FxwFnoCU5XxWItFdXXb27BA6'>
      <properties size='2'>
        <property name='download.size' value='47687'/>
        <property name='artifact.size' value='47687'/>
      </properties>
    </artifact>
    <artifact classifier='binary' id='org.eclipse.jdt_root' version='3.5.2.r352_v20100108-7r88FEwFI0WTuoBl0iaG0tyhfZH6'>
      <properties size='2'>
        <property name='download.size' value='8076'/>
        <property name='artifact.size' value='8076'/>
      </properties>
    </artifact>
    <artifact classifier='binary' id='org.eclipse.rcp.configuration_root.win32.win32.x86' version='1.0.0.M20100211-1343'>
      <properties size='2'>
        <property name='download.size' value='28484'/>
        <property name='artifact.size' value='28484'/>
      </properties>
    </artifact>
    <artifact classifier='binary' id='org.eclipse.platform_root' version='3.5.2.R35x_v20100210-0800-9hEiFzmFst-TiEn9hNYgDWg1XN8ulH_JvCNGB'>
      <properties size='2'>
        <property name='download.size' value='47687'/>
        <property name='artifact.size' value='47687'/>
      </properties>
    </artifact>
  </artifacts>
</repository>
