<?xml version="1.0" encoding="UTF-8" ?>
<!DOCTYPE log4j:configuration SYSTEM "log4j.dtd">

<log4j:configuration>

	<appender name="NatTableNormalMode"
		class="org.apache.log4j.AsyncAppender">
		<param name="bufferSize" value="10000" />
		<param name="locationInfo" value="true" />
		<layout class="org.apache.log4j.PatternLayout">
			<param name="ConversionPattern"
				value="%d{yyyy-MM-dd HH:mm:ss.SSS}\t[%t]\t[%C]\t%p -\t%m%n" />
		</layout>
		<appender-ref ref="NatTableFileAppender" />
		<appender-ref ref="ConsoleAppender" />
	</appender>

	<appender name="NatTableFileAppender"
		class="org.apache.log4j.DailyRollingFileAppender">
		<param name="File" value="./logs/NatTableLog.log" />
		<param name="DatePattern" value=".yyyy-MM-dd" />
		<param name="Append" value="false" />
		<layout class="org.apache.log4j.PatternLayout">
			<param name="ConversionPattern"
				value="%d{yyyy-MM-dd HH:mm:ss.SSS}\t[%t]\t[%C]\t%p -\t%m%n" />
		</layout>
	</appender>

	<appender name="ConsoleAppender"
		class="org.apache.log4j.ConsoleAppender">
			<layout class="org.apache.log4j.PatternLayout">
			<param name="ConversionPattern"
				value="%d [%C{1}] %p - %m%n" />
		</layout>
	</appender>
	<!-- logger definitions -->

	<logger name="net" additivity="false">
		<level value="info" />
		<appender-ref ref="NatTableNormalMode" />

	</logger>


</log4j:configuration>