<?xml version="1.0" encoding="UTF-8"?>
<feature
      id="org.eclipse.jdt"
      label="%featureName"
      version="3.5.2.r352_v20100108-7r88FEwFI0WTuoBl0iaG0tyhfZH6"
      provider-name="%providerName"
      image="eclipse_update_120.jpg">

   <description>
      %description
   </description>

   <copyright>
      %copyright
   </copyright>

   <license url="%licenseURL">
      %license
   </license>

   <url>
      <update label="%updateSiteName" url="http://download.eclipse.org/eclipse/updates/3.5"/>
      <discovery label="%updateSiteName" url="http://download.eclipse.org/eclipse/updates/3.5"/>
   </url>

   <requires>
      <import feature="org.eclipse.platform" version="3.5.1" match="compatible"/>
   </requires>

   <plugin
         id="org.eclipse.jdt"
         download-size="0"
         install-size="0"
         version="3.5.2.v201002111343"
         unpack="false"/>

   <plugin
         id="org.eclipse.ant.ui"
         download-size="0"
         install-size="0"
         version="3.4.2.v20091204_r352"
         unpack="false"/>

   <plugin
         id="org.eclipse.jdt.apt.core"
         download-size="0"
         install-size="0"
         version="3.3.202.R35x_v20091130-2300"
         unpack="false"/>

   <plugin
         id="org.eclipse.jdt.apt.ui"
         download-size="0"
         install-size="0"
         version="3.3.200.v20090930-2100_R35x"
         unpack="false"/>

   <plugin
         id="org.eclipse.jdt.apt.pluggable.core"
         download-size="0"
         install-size="0"
         version="1.0.201.R35x_v20090925-1100"
         unpack="false"/>

   <plugin
         id="org.eclipse.jdt.compiler.apt"
         download-size="0"
         install-size="0"
         version="1.0.201.R35x_v20090925-1100"
         fragment="true"
         unpack="false"/>

   <plugin
         id="org.eclipse.jdt.compiler.tool"
         download-size="0"
         install-size="0"
         version="1.0.100.v_981_R35x"
         fragment="true"
         unpack="false"/>

   <plugin
         id="org.eclipse.jdt.core"
         download-size="0"
         install-size="0"
         version="3.5.2.v_981_R35x"
         unpack="false"/>

   <plugin
         id="org.eclipse.jdt.core.manipulation"
         download-size="0"
         install-size="0"
         version="1.3.0.v20090603"
         unpack="false"/>

   <plugin
         id="org.eclipse.jdt.debug.ui"
         download-size="0"
         install-size="0"
         version="3.4.1.v20090811_r351"
         unpack="false"/>

   <plugin
         id="org.eclipse.jdt.debug"
         download-size="0"
         install-size="0"
         version="3.5.0.v20090526"/>

   <plugin
         id="org.eclipse.jdt.junit"
         download-size="0"
         install-size="0"
         version="3.5.2.r352_v20100113-0800"
         unpack="false"/>

   <plugin
         id="org.eclipse.jdt.junit.runtime"
         download-size="0"
         install-size="0"
         version="3.4.100.v20090513-2000"
         unpack="false"/>

   <plugin
         id="org.eclipse.jdt.junit4.runtime"
         download-size="0"
         install-size="0"
         version="1.1.0.v20090513-2000"
         unpack="false"/>

   <plugin
         id="org.eclipse.jdt.launching"
         download-size="0"
         install-size="0"
         version="3.5.1.v20100108_r352"
         unpack="false"/>

   <plugin
         id="org.eclipse.jdt.ui"
         download-size="0"
         install-size="0"
         version="3.5.2.r352_v20100106-0800"
         unpack="false"/>

   <plugin
         id="org.junit"
         download-size="0"
         install-size="0"
         version="3.8.2.v20090203-1005"/>

   <plugin
         id="org.junit4"
         download-size="0"
         install-size="0"
         version="4.5.0.v20090824"/>

   <plugin
         id="org.hamcrest.core"
         download-size="0"
         install-size="0"
         version="1.1.0.v20090501071000"
         unpack="false"/>

   <plugin
         id="org.eclipse.jdt.doc.user"
         download-size="0"
         install-size="0"
         version="3.5.2.r352_v20091015"
         unpack="false"/>

   <plugin
         id="org.eclipse.jdt.launching.macosx"
         os="macosx"
         download-size="0"
         install-size="0"
         version="3.2.0.v20090527"
         unpack="false"/>

   <plugin
         id="org.eclipse.jdt.launching.ui.macosx"
         os="macosx"
         download-size="0"
         install-size="0"
         version="1.0.0.v20090527"
         unpack="false"/>

</feature>
