<?xml version='1.0' encoding='UTF-8'?>
<?artifactRepository version='1.1.0'?>
<repository name='download cache' type='org.eclipse.equinox.p2.artifact.repository.simpleRepository' version='1.0.0'>
  <properties size='2'>
    <property name='p2.system' value='true'/>
    <property name='p2.timestamp' value='1276012294317'/>
  </properties>
  <mappings size='3'>
    <rule filter='(&amp; (classifier=osgi.bundle))' output='${repoUrl}/plugins/${id}_${version}.jar'/>
    <rule filter='(&amp; (classifier=binary))' output='${repoUrl}/binary/${id}_${version}'/>
    <rule filter='(&amp; (classifier=org.eclipse.update.feature))' output='${repoUrl}/features/${id}_${version}.jar'/>
  </mappings>
  <artifacts size='3'>
    <artifact classifier='binary' id='org.eclipse.rcp.configuration_root.win32.win32.x86' version='1.0.0.I20100608-0911'>
      <properties size='1'>
        <property name='download.size' value='23192'/>
      </properties>
    </artifact>
    <artifact classifier='binary' id='org.eclipse.rcp_root' version='3.6.0.v20100519-9OArFKvFtsd7WLUKh-DcYTS'>
      <properties size='1'>
        <property name='download.size' value='40847'/>
      </properties>
    </artifact>
    <artifact classifier='binary' id='org.eclipse.platform_root' version='3.6.0.v20100602-9gF78GpqFt6trOGhL60z0oEx3fz-JKNwxPY'>
      <properties size='1'>
        <property name='download.size' value='40847'/>
      </properties>
    </artifact>
  </artifacts>
</repository>
