<?xml version="1.0" encoding="UTF-8"?>
<feature primary="false"  provider-name="%providerName"    label="%featureName"  image="eclipse_update_120.jpg" id="org.eclipse.dltk.core.source"  version="1.0.2.v20100208-7C-77EAAoORwQXXqBeY-d">
	<description url="http://www.eclipse.org/dltk">
		%description
	</description>
	<copyright url="http://www.eclipse.org/legal/epl-v10.html">
		Copyright (c) 2005, 2007 IBM Corporation and others.
All rights reserved.   This program and the accompanying materials
are made available under the terms of the Eclipse Public License v1.0
which accompanies this distribution, and is available at
http://www.eclipse.org/legal/epl-v10.html
	</copyright>
	<license url="%licenseURL">
		%license
	</license>
	<url>
		<update label="%updateSiteName" url="http://download.eclipse.org/technology/dltk/updates/"/>
		<discovery label="%updateSiteName" url="http://download.eclipse.org/technology/dltk/updates/"/>
	</url>
	<plugin    fragment="false"  download-size="0" install-size="0" id="org.eclipse.dltk.core.source" version="1.0.2.v20100208-7C-77EAAoORwQXXqBeY-d"/>
</feature>
