<?xml version="1.0" encoding="UTF-8"?>
<config transient="false">
	<site policy="USER-EXCLUDE" enabled="true" url="platform:/base/" updateable="true">
		<feature url="features/org.eclipse.equinox.p2.user.ui.source_1.1.0.v20090605-1440-7u6Fb3FbPbJP5MjJjZgifk/" id="org.eclipse.equinox.p2.user.ui.source" version="1.1.0.v20090605-1440-7u6Fb3FbPbJP5MjJjZgifk">
		</feature>
		<feature url="features/org.eclipse.rcp.source_3.5.0.v20090519-9SA0FwxFv6x089WEf-TWh11/" id="org.eclipse.rcp.source" version="3.5.0.v20090519-9SA0FwxFv6x089WEf-TWh11">
		</feature>
		<feature url="features/org.eclipse.equinox.p2.user.ui_1.1.0.v20090605-1440-7u6Fb3FbPbJP5MjJjZgifk/" id="org.eclipse.equinox.p2.user.ui" version="1.1.0.v20090605-1440-7u6Fb3FbPbJP5MjJjZgifk">
		</feature>
		<feature url="features/org.eclipse.rcp_3.5.0.v20090519-9SA0FwxFv6x089WEf-TWh11/" id="org.eclipse.rcp" version="3.5.0.v20090519-9SA0FwxFv6x089WEf-TWh11">
		</feature>
		<feature url="features/org.eclipse.platform.source_3.5.0.v20090611a-9gEeG1HFtQcmRThO4O3aR_fqSMvJR2sJ/" id="org.eclipse.platform.source" version="3.5.0.v20090611a-9gEeG1HFtQcmRThO4O3aR_fqSMvJR2sJ">
		</feature>
		<feature plugin-identifier="org.eclipse.help.base" url="features/org.eclipse.help_1.1.0.v20090602-7e7eFAlFEx2XZoYqwI68e2F/" id="org.eclipse.help" version="1.1.0.v20090602-7e7eFAlFEx2XZoYqwI68e2F">
		</feature>
		<feature url="features/org.eclipse.platform_3.5.0.v20090611a-9gEeG1HFtQcmRThO4O3aR_fqSMvJR2sJ/" id="org.eclipse.platform" version="3.5.0.v20090611a-9gEeG1HFtQcmRThO4O3aR_fqSMvJR2sJ">
		</feature>
	</site>
</config>
