<?xml version="1.0" encoding="UTF-8"?>
<config transient="false">
	<site enabled="true" updateable="true" policy="USER-EXCLUDE" url="platform:/base/">
		<feature id="org.eclipse.equinox.p2.user.ui" url="features/org.eclipse.equinox.p2.user.ui_2.0.0.v20100503-897HFZ-FdHjO2NQo0sD_Nt/" version="2.0.0.v20100503-897HFZ-FdHjO2NQo0sD_Nt">
		</feature>
		<feature id="org.eclipse.rcp" url="features/org.eclipse.rcp_3.6.0.v20100519-9OArFKvFtsd7WLUKh-DcYTS/" version="3.6.0.v20100519-9OArFKvFtsd7WLUKh-DcYTS">
		</feature>
		<feature id="org.eclipse.help" plugin-identifier="org.eclipse.help.base" url="features/org.eclipse.help_1.2.0.v20100427-7e7jEKFEx2XlnZinYPtgz03/" version="1.2.0.v20100427-7e7jEKFEx2XlnZinYPtgz03">
		</feature>
		<feature id="org.eclipse.platform" url="features/org.eclipse.platform_3.6.0.v20100602-9gF78GpqFt6trOGhL60z0oEx3fz-JKNwxPY/" version="3.6.0.v20100602-9gF78GpqFt6trOGhL60z0oEx3fz-JKNwxPY">
		</feature>
	</site>
</config>
